{"mean": [0.6443064212799072, 0.6349315643310547, 0.6332816481590271], "std": [0.2801346182823181, 0.28163444995880127, 0.28156328201293945]}